Thumbnails,Title,Quantity,SKU,Category,SubCategory
https://lh3.googleusercontent.com/d/1r_Iqw4b8uhLkckAWSqZJQQX5BAyhEO_G,HAL 1 (Max),1,101,Simulators,Child
https://lh3.googleusercontent.com/d/1QQYqk2_9QgI4T4hypG4LgUZhzxH9GIsk,HAL 1 (Frank),1,101,Simulators,Child
https://lh3.googleusercontent.com/d/1Lni1T2zLqgKkb_7ouUtznDvaHwm3DFvW,HAL 5 (Lefty),1,102,Simulators,Child
https://lh3.googleusercontent.com/d/1qZEDKL3qUInoW8qOod1WhlJfMpzEp_i8,Premie HAL (Peter),1,103,Simulators,Infant
https://lh3.googleusercontent.com/d/1CkDG4P5wRlIHMJPJ0RKxOj1djhLeooXs,Sim Baby (Simone DS),1,104,Simulators,Infant
https://lh3.googleusercontent.com/d/1PU1f0t0BQ0gnZ4uaM8rPEwkEyv272qAP,Sim Baby (LS),1,104,Simulators,Infant
https://lh3.googleusercontent.com/d/1VhQO5Sqx6x97efPTnKcTJkwMcudybiQ5,Sim Baby (MS),1,104,Simulators,Infant
https://lh3.googleusercontent.com/d/1Nc0_jH-dRw_hHbS3yMKcLEggD31TdbVh,Sim Baby Classic (TDB),1,105,Simulators,Infant
https://lh3.googleusercontent.com/d/1iLyPOkvcPVuGLfEOfbnCgMBEdEeq7PfX,Sim Junior (Goldy),1,106,Simulators,Child
https://lh3.googleusercontent.com/d/1CxAet1qU_wqxwG3jgkd_yKpYPV9jhj5Q,Sim Junior (Jackie),1,106,Simulators,Child
https://lh3.googleusercontent.com/d/1scV-2p0cNbCph3pRCPrE_UEtXYRBSOX8,Sim Mom (Leslie),1,108,Simulators,Adult
https://lh3.googleusercontent.com/d/1Hjh5HTxH8vuyGQ_Dlwz3WgTp9YbWBYZy,Sim Mom (Theresa),1,109,Simulators,Adult
https://lh3.googleusercontent.com/d/12uGjdWibYnHaKWhU8EWbzk2xLqu_VaQo,Sim Newbie Classic (Greg),1,110,Simulators,Infant
https://lh3.googleusercontent.com/d/1SFERlFlUeKN5AbeAoUWAIhIX5SZcUVKA,Premature Anne,1,111,Simulators,Infant
https://lh3.googleusercontent.com/d/1D_2LSGm-F9gcR3II_lkeGpPhjrmY_4TC,Sim NewB LS,1,112,Simulators,Infant
https://lh3.googleusercontent.com/d/17nzeCX62ElNiyOR5-wV1XXAeR-2xLyWV,Sim NewB DS,1,112,Simulators,Infant
https://lh3.googleusercontent.com/d/11OJTaxD6Ofj8dDXLv2WOR6SfcGgIhnp8,Nursing Anne African Descent,1,113,Simulators,Adult
https://lh3.googleusercontent.com/d/1GIVvzhnELNZO4HUnlBNLRmpvKCjZE5Fc,IV Task Trainer 01,1,201,Task Trainers,Circulation
https://lh3.googleusercontent.com/d/1GIVvzhnELNZO4HUnlBNLRmpvKCjZE5Fc,IV Task Trainer 02,1,201,Task Trainers,Circulation
https://lh3.googleusercontent.com/d/1GIVvzhnELNZO4HUnlBNLRmpvKCjZE5Fc,IV Task Trainer 03,1,201,Task Trainers,Circulation
https://lh3.googleusercontent.com/d/1GIVvzhnELNZO4HUnlBNLRmpvKCjZE5Fc,IV Task Trainer 04,1,201,Task Trainers,Circulation
https://lh3.googleusercontent.com/d/1GIVvzhnELNZO4HUnlBNLRmpvKCjZE5Fc,IV Task Trainer 05,1,201,Task Trainers,Circulation
https://lh3.googleusercontent.com/d/1IPjAJ6fQOSjrPQpEWObYn1hmBuj_uYtv,Little Anne QCPR #01,1,202,Task Trainers,BLS
https://lh3.googleusercontent.com/d/1j7MkkS0tNxercxzeyLIS5EpWznP47ZfK,Intubation Head Infant #1,1,204,Task Trainers,Airway
https://lh3.googleusercontent.com/d/1qWc1GTqpTPtdSrFKFpDofrFLypRnYby8,Little Baby QCPR,1,205,Task Trainers,BLS
https://lh3.googleusercontent.com/d/1zdLdY0nqh71QkWg0tYMUojVs1dkcwtxd,Little Junior QCPR #01,1,206,Task Trainers,BLS
https://lh3.googleusercontent.com/d/13FcipOnARQfY2glOkE1iFgfWHP4tQdyN,IO Kit-03,1,206,Task Trainers,Circulation
https://lh3.googleusercontent.com/d/1c5vDmTrVrCk999NJSbxU4AVvIzfCbaXd,TraumaMan w/Surgical Abdomen,1,207,Task Trainers,Multiple
https://lh3.googleusercontent.com/d/1F1k-GpwqvSerTNDPqWjJjMQlzqeDwuwN,Ultrasound IV Task Trainer 01,1,208,Task Trainers,Circulation
https://lh3.googleusercontent.com/d/1F1k-GpwqvSerTNDPqWjJjMQlzqeDwuwN,Ultrasound IV Task Trainer 02,1,208,Task Trainers,Circulation
https://lh3.googleusercontent.com/d/19SHu57dBrb1gjqrjUaghfes0KS596O-D,Cricothyrotomy Trainer,1,209,Task Trainers,Airway
https://lh3.googleusercontent.com/d/1lhrTRsDLr3_UUPNyN7VHh6bC4OCHvLkc,Mama Birthie #1,1,210,Task Trainers,Wearable
https://lh3.googleusercontent.com/d/1YYPrd8aWBPstHtIlwZ5cYrUcMJABhtfz,Mama Natalie #1,2,211,Task Trainers,Wearable
https://lh3.googleusercontent.com/d/1Lw0GzVr1lVdwhiE2t4tFFLNwSdYSMUfB,Chester Chest,1,212,Task Trainers,Circulation
https://lh3.googleusercontent.com/d/10p9lJ3n6vyWO4FHpit0-Nc7o7oh9en6P,Chest Drain Insertion Simulator,1,213,Task Trainers,Breathing
https://lh3.googleusercontent.com/d/1XTlIrnqu9fJ-xxme9POYUPVKinIzAD3K,Vascular Access Child,1,214,Task Trainers,Circulation
https://lh3.googleusercontent.com/d/1nJZDJAMlTwb7OhMfsQlwYzFGhtYIG876,Femoral Line Man,1,215,Task Trainers,Circulation
https://lh3.googleusercontent.com/d/10KT2G7UWC_tUpodZf_qZ77teMTmccPIG,Pediatric Intubation Trainer Torso #1,1,216,Task Trainers,Airway
https://lh3.googleusercontent.com/d/10KT2G7UWC_tUpodZf_qZ77teMTmccPIG,Pediatric Intubation Trainer Torso #2,1,216,Task Trainers,Airway
https://lh3.googleusercontent.com/d/10KT2G7UWC_tUpodZf_qZ77teMTmccPIG,Pediatric Intubation Trainer Torso #3,1,216,Task Trainers,Airway
https://lh3.googleusercontent.com/d/10KT2G7UWC_tUpodZf_qZ77teMTmccPIG,Pediatric Intubation Trainer Torso #4,1,216,Task Trainers,Airway
https://lh3.googleusercontent.com/d/190VOxpIyBfPO2nkJC847LZlMsSpog2XV,Baby Anne,11,217,Task Trainers,Manikins
https://lh3.googleusercontent.com/d/1-MTxI2ZFPpunL0f1dQLEdI4k9uWsbUMG,Resusci Junior Basic #1,1,218,Task Trainers,Manikins
https://lh3.googleusercontent.com/d/1-MTxI2ZFPpunL0f1dQLEdI4k9uWsbUMG,Resusci Junior Basic #2,1,218,Task Trainers,Manikins
https://lh3.googleusercontent.com/d/1-sY64G6NHB6v1_CeK0VLPvDE03Z6gK9A,Jaw Thrust Kyle CPR,3,219,Task Trainers,Manikins
https://lh3.googleusercontent.com/d/1dUEFt1jGLCteTugL-YmMcd9TiYWgFURo,Kim Newborn CPR,4,220,Task Trainers,Manikins
https://lh3.googleusercontent.com/d/1vTOoerSW5JAttcZP3R0eIJf3txr77A4f,Resusci Baby First Aid,1,221,Task Trainers,Manikins
https://lh3.googleusercontent.com/d/1fczj-Vpd49CvNeRbz7oVpbSOjNSk5tZ9,Baby Umbi #1,1,222,Task Trainers,Manikins
https://lh3.googleusercontent.com/d/11qnwzgiRK_MHFwWG5_JSDo8VK3i0ThHH,SkillGuide #1,1,223,Task Trainers,BLS
https://lh3.googleusercontent.com/d/1dYQV1oG-pCLuX-VPEi1TW2x7jLXp8VtW,Resusci Anne First Aid Full Body #1,1,224,Task Trainers,Manikins
https://lh3.googleusercontent.com/d/1K07GM1NT4A46yMxrU5dldM0UfS_JmRHG,Lumbar Puncture Baby #1,1,225,Task Trainers,Circulation
https://lh3.googleusercontent.com/d/1Eu3aNVsVtIMCNKQT7HdFZXbelR_pi55B,Intraosseous Access Knee Injection #1,1,226,Task Trainers,Circulation
https://lh3.googleusercontent.com/d/17Ak4GRToAB4TNOCjvjigqnOGKn2HqJSr,Left IO Leg Infant #1,1,227,Task Trainers,Circulation
https://lh3.googleusercontent.com/d/1jwfWDO3c-wAPH_AqDjGZ7HETwp1daP4S,Pediatric Intraosseous Leg #1,1,228,Task Trainers,Circulation
https://lh3.googleusercontent.com/d/1sqQEs81UUgdv2aqrhWhrptd1UqiMKZEd,TruBaby X #1,1,229,Task Trainers,Manikins
https://lh3.googleusercontent.com/d/1YuSA_tAzT_nHmsLgIh-WyBli3u54NLVN,Airsim Advanced Bronchi X Adult #1,1,230,Task Trainers,Airway
https://lh3.googleusercontent.com/d/1rhfMcKk51OCrA0wqNLPH3LbZd0vC1wHK,AirSim Bronchi Adult #1,1,231,Task Trainers,Airway
https://lh3.googleusercontent.com/d/1PcWIa4RIzO3lk-9is3JuadmJMT_Fr9OM,Suture Pad #1,1,234,Task Trainers,DIY
https://lh3.googleusercontent.com/d/1zd1zU8yHCmSSIjjIxiYWWux7F-U32eBb,Pediatric Lumbar Puncture Simulator II #1,1,235,Task Trainers,Circulation
https://lh3.googleusercontent.com/d/1zd1zU8yHCmSSIjjIxiYWWux7F-U32eBb,Pediatric Lumbar Puncture Simulator II #2,1,235,Task Trainers,Circulation
https://lh3.googleusercontent.com/d/1CWzXpziPxYzskzcrjmI3M3H462JajUN4,Advanced Venipuncture Arm 1 (Light Skin Tone),1,236,Task Trainers,Circulation
https://lh3.googleusercontent.com/d/1CWzXpziPxYzskzcrjmI3M3H462JajUN4,Advanced Venipuncture Arm 2 (Light Skin Tone),1,236,Task Trainers,Circulation
https://lh3.googleusercontent.com/d/1CWzXpziPxYzskzcrjmI3M3H462JajUN4,Advanced Venipuncture Arm 5 (Light Skin Tone),1,236,Task Trainers,Circulation
https://lh3.googleusercontent.com/d/1CWzXpziPxYzskzcrjmI3M3H462JajUN4,Advanced Venipuncture Arm 8 (Light Skin Tone) Mat/Newborn,1,236,Task Trainers,Circulation
https://lh3.googleusercontent.com/d/1iu98ZVE-lBlCyBRGhebSlQ0Fwwtb-tDR,Advanced Venipuncture Arm 3 (Dark Skin Tone),1,236,Task Trainers,Circulation
https://lh3.googleusercontent.com/d/1iu98ZVE-lBlCyBRGhebSlQ0Fwwtb-tDR,Advanced Venipuncture Arm 4 (Dark Skin Tone),1,236,Task Trainers,Circulation
https://lh3.googleusercontent.com/d/1iu98ZVE-lBlCyBRGhebSlQ0Fwwtb-tDR,Advanced Venipuncture Arm 6 (Dark Skin Tone),1,236,Task Trainers,Circulation
https://lh3.googleusercontent.com/d/1iu98ZVE-lBlCyBRGhebSlQ0Fwwtb-tDR,Advanced Venipuncture Arm 7 (Dark Skin Tone) Mat/Newborn,1,236,Task Trainers,Circulation
https://lh3.googleusercontent.com/d/101ti9aZDjOD23nRpnVXtSnjbOE3rAf0-,ART LINE Life/Form Pediatric Arm Light,1,237,Task Trainers,Circulation
https://lh3.googleusercontent.com/d/11Ad9gZ0wOAhrU0vA1dgtutuaVj6FLnmR,IV Bag and Drain Setup #1,1,238,Task Trainers,Circulation
https://lh3.googleusercontent.com/d/11Ad9gZ0wOAhrU0vA1dgtutuaVj6FLnmR,IV Bag and Drain Setup #2,1,238,Task Trainers,Circulation
https://lh3.googleusercontent.com/d/11Ad9gZ0wOAhrU0vA1dgtutuaVj6FLnmR,IV Bag and Drain Setup #3,1,238,Task Trainers,Circulation
https://lh3.googleusercontent.com/d/11Ad9gZ0wOAhrU0vA1dgtutuaVj6FLnmR,IV Bag and Drain Setup #4,1,238,Task Trainers,Circulation
https://lh3.googleusercontent.com/d/11Ad9gZ0wOAhrU0vA1dgtutuaVj6FLnmR,IV Bag and Drain Setup #5,1,238,Task Trainers,Circulation
https://lh3.googleusercontent.com/d/11Ad9gZ0wOAhrU0vA1dgtutuaVj6FLnmR,IV Bag and Drain Setup #6,1,238,Task Trainers,Circulation
https://lh3.googleusercontent.com/d/11Ad9gZ0wOAhrU0vA1dgtutuaVj6FLnmR,IV Bag and Drain Setup #7,1,238,Task Trainers,Circulation
https://lh3.googleusercontent.com/d/11Ad9gZ0wOAhrU0vA1dgtutuaVj6FLnmR,IV Bag and Drain Setup #8,1,238,Task Trainers,Circulation
https://lh3.googleusercontent.com/d/11Ad9gZ0wOAhrU0vA1dgtutuaVj6FLnmR,IV Bag and Drain Setup #9,1,238,Task Trainers,Circulation
https://lh3.googleusercontent.com/d/11Ad9gZ0wOAhrU0vA1dgtutuaVj6FLnmR,IV Bag and Drain Setup #10,1,238,Task Trainers,Circulation
https://lh3.googleusercontent.com/d/11Ad9gZ0wOAhrU0vA1dgtutuaVj6FLnmR,IV Bag and Drain Setup #11,1,238,Task Trainers,Circulation
https://lh3.googleusercontent.com/d/1cuJnYLn1vNQ6ZFkl-Ml0nS0sldag85hw,Clean Bleed Mat #1,1,239,Task Trainers,Circulation
https://lh3.googleusercontent.com/d/1cuJnYLn1vNQ6ZFkl-Ml0nS0sldag85hw,Clean Bleed Mat #2,1,239,Task Trainers,Circulation
https://lh3.googleusercontent.com/d/1pEOH-GKX9pInP3AzkxP-rJtbRiphR7qt,PICC Line Trainer,1,240,Task Trainers,Circulation
https://lh3.googleusercontent.com/d/1j7MkkS0tNxercxzeyLIS5EpWznP47ZfK,Intubation Head Infant AirSim Pierre Robin X #1,1,241,Task Trainers,Airway
https://lh3.googleusercontent.com/d/1PuUT1V6gzDn7EwVD1zWX9eFgoPrKQi55,Nursing Kid #1,1,242,Task Trainers,Manikins
https://lh3.googleusercontent.com/d/1-MTxI2ZFPpunL0f1dQLEdI4k9uWsbUMG,Mega Code Kid #1,1,243,Task Trainers,Manikins
https://lh3.googleusercontent.com/d/1K0aXhGvM80qjf800tHb4YcwGs0jQQqw4,BLS Shelf Cart Extras,1,301,Task Trainers,BLS
https://lh3.googleusercontent.com/d/1D-BPGvrLB3YnOPz_Rml_6v-oo-DxMOXj,BLS Stretcher 01,1,302,Task Trainers,BLS
https://lh3.googleusercontent.com/d/1D-BPGvrLB3YnOPz_Rml_6v-oo-DxMOXj,BLS Stretcher 02,1,302,Task Trainers,BLS
https://lh3.googleusercontent.com/d/1D-BPGvrLB3YnOPz_Rml_6v-oo-DxMOXj,BLS Stretcher 03,1,302,Task Trainers,BLS
https://lh3.googleusercontent.com/d/1ZYw4j3oghsMCPTjhrPEB1iOfhHixghMg,CPRC-01,1,304,Task Trainers,Carts
https://lh3.googleusercontent.com/d/1ZYw4j3oghsMCPTjhrPEB1iOfhHixghMg,CPRC-02,1,304,Task Trainers,Carts
https://lh3.googleusercontent.com/d/1ZYw4j3oghsMCPTjhrPEB1iOfhHixghMg,CPRC-03,1,304,Task Trainers,Carts
https://lh3.googleusercontent.com/d/1ZYw4j3oghsMCPTjhrPEB1iOfhHixghMg,CPRC-04,1,304,Task Trainers,Carts
https://lh3.googleusercontent.com/d/1ZYw4j3oghsMCPTjhrPEB1iOfhHixghMg,CPRC-05,,304,Task Trainers,Carts
https://lh3.googleusercontent.com/d/1kqmEur3WdkKcys8kACvulQSbK2d09eeT,FFMC-01,1,305,Task Trainers,Carts
https://lh3.googleusercontent.com/d/1kqmEur3WdkKcys8kACvulQSbK2d09eeT,FFMC-02,1,305,Task Trainers,Carts
https://lh3.googleusercontent.com/d/13FcipOnARQfY2glOkE1iFgfWHP4tQdyN,IO Kit-01,1,306,Task Trainers,Circulation
https://lh3.googleusercontent.com/d/13FcipOnARQfY2glOkE1iFgfWHP4tQdyN,IO Kit-02,1,306,Task Trainers,Circulation
https://lh3.googleusercontent.com/d/1jRBmKZy04uRBzIaM3ljExCW1dwYe6PZP,Lego Game #1,1,307,Communication,Game
https://lh3.googleusercontent.com/d/10CcOHQsmcjtnG5c3YDAyuMnDIXupZGYP,Defib Cart #1,2,401,Medical Devices,Carts
https://lh3.googleusercontent.com/d/10CcOHQsmcjtnG5c3YDAyuMnDIXupZGYP,Defib Cart 2,1,401,Medical Devices,Carts
https://lh3.googleusercontent.com/d/1HJ5C6tFaWZ4V_xX4BXZ3pZNJ9UFqCP1n,WOW 1,1,402,Medical Devices,Electronics
https://lh3.googleusercontent.com/d/1HJ5C6tFaWZ4V_xX4BXZ3pZNJ9UFqCP1n,WOW #2,1,402,Medical Devices,Electronics
https://lh3.googleusercontent.com/d/1HJ5C6tFaWZ4V_xX4BXZ3pZNJ9UFqCP1n,WOW #3,1,402,Medical Devices,Electronics
https://lh3.googleusercontent.com/d/1HJ5C6tFaWZ4V_xX4BXZ3pZNJ9UFqCP1n,WOW #4,1,402,Medical Devices,Electronics
https://lh3.googleusercontent.com/d/1uE3KT6KX6LbVhnkxdztx2DrTMfkotpCz,Zoll Defibrillator #1,1,403,Medical Devices,Circulation
https://lh3.googleusercontent.com/d/1uE3KT6KX6LbVhnkxdztx2DrTMfkotpCz,Zoll Defibrillator #2,1,403,Medical Devices,Circulation
https://lh3.googleusercontent.com/d/1uE3KT6KX6LbVhnkxdztx2DrTMfkotpCz,Zoll Defibrillator #3,1,403,Medical Devices,Circulation
https://lh3.googleusercontent.com/d/1uE3KT6KX6LbVhnkxdztx2DrTMfkotpCz,Zoll Defibrillator #4,1,403,Medical Devices,Circulation
https://lh3.googleusercontent.com/d/1uE3KT6KX6LbVhnkxdztx2DrTMfkotpCz,Zoll Defibrillator #5,1,403,Medical Devices,Circulation
https://lh3.googleusercontent.com/d/18wl6hriwUSuccXErRx9rq2ksqMjIEJLd,Ambu® SPUR® II – Disposable Resuscitator #1,1,405,Medical Devices,Breathing
https://lh3.googleusercontent.com/d/18wl6hriwUSuccXErRx9rq2ksqMjIEJLd,Ambu® SPUR® II – Disposable Resuscitator #2,1,405,Medical Devices,Breathing
https://lh3.googleusercontent.com/d/18wl6hriwUSuccXErRx9rq2ksqMjIEJLd,Ambu® SPUR® II – Disposable Resuscitator #3,1,405,Medical Devices,Breathing
https://lh3.googleusercontent.com/d/18wl6hriwUSuccXErRx9rq2ksqMjIEJLd,Ambu® SPUR® II – Disposable Resuscitator #4,1,405,Medical Devices,Breathing
https://lh3.googleusercontent.com/d/1J-gcxkWS5TARcoFGqE9MaZ8D9ZKB_XoC,ZOLL Adult A/A Pads - Real Demo - For Training Purposes Only #1,1,406,Medical Devices,Circulation
https://lh3.googleusercontent.com/d/1LttHcklUoUoeeIA6TAIiksG4paF_GlaP,ZOLL Pediatric A/A Pads - Real Demo - For Training Purposes Only #1,1,407,Medical Devices,Circulation
https://lh3.googleusercontent.com/d/16tTAkCu2AlO2-ouXl9eZfdFNQBgbvOso,ShockLink System #1,1,408,Simulated Equipment,App
https://lh3.googleusercontent.com/d/16tTAkCu2AlO2-ouXl9eZfdFNQBgbvOso,ShockLink System #2,1,408,Simulated Equipment,App
https://lh3.googleusercontent.com/d/16tTAkCu2AlO2-ouXl9eZfdFNQBgbvOso,ShockLink System #3,1,408,Simulated Equipment,App
https://lh3.googleusercontent.com/d/16tTAkCu2AlO2-ouXl9eZfdFNQBgbvOso,ShockLink System #4,1,408,Simulated Equipment,App
https://lh3.googleusercontent.com/d/16tTAkCu2AlO2-ouXl9eZfdFNQBgbvOso,ShockLink System #5,1,408,Simulated Equipment,App
https://lh3.googleusercontent.com/d/16tTAkCu2AlO2-ouXl9eZfdFNQBgbvOso,ShockLink System #6,1,408,Simulated Equipment,App
https://lh3.googleusercontent.com/d/16tTAkCu2AlO2-ouXl9eZfdFNQBgbvOso,ShockLink System #7,1,408,Simulated Equipment,App
https://lh3.googleusercontent.com/d/16tTAkCu2AlO2-ouXl9eZfdFNQBgbvOso,ShockLink System #8,1,408,Simulated Equipment,App
https://lh3.googleusercontent.com/d/1EhHme1VhbgXK2SNT6eBEalTTXGWoRUWz,Mock Thermometer #1,1,409,Simulated Equipment,Prop
https://lh3.googleusercontent.com/d/1EhHme1VhbgXK2SNT6eBEalTTXGWoRUWz,Mock Thermometer #2,1,409,Simulated Equipment,Prop
https://lh3.googleusercontent.com/d/15Y94Vj0wuTDfiCgo9VuCNzxi-Ngi-UGL,C Spine Hard Collar #1,1,410,Medical Devices,Prop
https://lh3.googleusercontent.com/d/1Reosewo6GyxZy9WVPhxY1XbN9hA07Xdd,Rhythm Generator 12-Lead ECG Simulator #1,1,411,Simulated Equipment,App
https://lh3.googleusercontent.com/d/1Reosewo6GyxZy9WVPhxY1XbN9hA07Xdd,Rhythm Generator 12-Lead ECG Simulator #2,1,411,Simulated Equipment,App
https://lh3.googleusercontent.com/d/1Ic3II0Ws4fHppzGeeI4_C-V0VDU2jtik,Mock Blood and Plasma Products,1,412,Simulated Equipment,Prop
https://lh3.googleusercontent.com/d/1icE6AGxNoBsxJ-sNWTE5ZcWkq8zC16Xu,Verathon GlideScope Monitor with Baton #1,1,413,Medical Devices,Circulation
https://lh3.googleusercontent.com/d/1WqOLOb_kcO6pQbgSFD3A5sTAqjKMAt73,Manikin Attire (specify in note),1,414,Simulated Equipment,Prop
https://lh3.googleusercontent.com/d/1bueXwknZzirka7WdfRenyVOkWQgK2ghw,BD Bard Site Rite 6 #1,1,415,Medical Devices,Circulation
https://lh3.googleusercontent.com/d/1OwMFkoPFDh4Z5WiQW78NqSmJOhz5Xst2,IV Pole #1,6,416,Medical Devices,Circulation
https://lh3.googleusercontent.com/d/1r1uzTYkctzsGZM_pTke5zbAfMytOMz2J,Arrow EZ-IO Intraosseous Vascular Access System #1,6,417,Medical Devices,Circulation
https://lh3.googleusercontent.com/d/1DqRlYQFBdxITy-XHyIUV3eIxvfqEGMoY,Surgical Step Stools - Stackable and Interlock #1,22,418,Medical Devices,BLS
https://lh3.googleusercontent.com/d/1991n-gwh3IS5eJjgvplv8Hc1Ix8jGBpy,Hospital Stretcher Pedigo 540 #1,1,419,Medical Devices,Carts
https://lh3.googleusercontent.com/d/1991n-gwh3IS5eJjgvplv8Hc1Ix8jGBpy,Hospital Stretcher Pedigo 540 #2,1,419,Medical Devices,Carts
https://lh3.googleusercontent.com/d/1991n-gwh3IS5eJjgvplv8Hc1Ix8jGBpy,Hospital Stretcher Pedigo 540 #3,1,419,Medical Devices,Carts
https://lh3.googleusercontent.com/d/1CIMi9QaJ2yI3fFhA_CDET3cHnUqz3kX4,Pediatric Crib #1,1,420,Medical Devices,Carts
https://lh3.googleusercontent.com/d/1LHJAc72m4jHw3Dn9wYpPZjxXtiEQwkgW,Blood Clots 5 Pack,4,421,Simulated Equipment,Prop
https://lh3.googleusercontent.com/d/1KN3PS2SuhqtaaScshx6LcHd4PTqg_yUl,Scrubs XS,1,422,Medical Devices,Prop
https://lh3.googleusercontent.com/d/1Oc3hWA-KZQ5KQo5_EKcoRdWHNK5YpEy5,Reflex Hammer #1,1,424,Medical Devices,Diagnostic
https://lh3.googleusercontent.com/d/1AkFkFGr2UgTaRclq1VRdx-uHsnuDilTP,Pediatric Lumbar Puncture Tray Kit #1,1,425,Medical Devices,Circulation
https://lh3.googleusercontent.com/d/1NNcCkcBaVAfbT5qKcsHSfEES7spikNvh,Stryker 5050 Stretcher Chair #1,1,426,Medical Devices,Carts
https://lh3.googleusercontent.com/d/1MRo2m8SOeasF6ucre3u1c8HBJvSBm4sX,Stethoscope #1,1,427,Medical Devices,Diagnostic
https://lh3.googleusercontent.com/d/1MRo2m8SOeasF6ucre3u1c8HBJvSBm4sX,Stethoscope #2,1,427,Medical Devices,Diagnostic
https://lh3.googleusercontent.com/d/1MRo2m8SOeasF6ucre3u1c8HBJvSBm4sX,Stethoscope #3,1,427,Medical Devices,Diagnostic
https://lh3.googleusercontent.com/d/1MRo2m8SOeasF6ucre3u1c8HBJvSBm4sX,Stethoscope #4,1,427,Medical Devices,Diagnostic
https://lh3.googleusercontent.com/d/1MRo2m8SOeasF6ucre3u1c8HBJvSBm4sX,Stethoscope #5,1,427,Medical Devices,Diagnostic
https://lh3.googleusercontent.com/d/1MRo2m8SOeasF6ucre3u1c8HBJvSBm4sX,Stethoscope #6,1,427,Medical Devices,Diagnostic
https://lh3.googleusercontent.com/d/1MRo2m8SOeasF6ucre3u1c8HBJvSBm4sX,Stethoscope #7,1,427,Medical Devices,Diagnostic
https://lh3.googleusercontent.com/d/1MRo2m8SOeasF6ucre3u1c8HBJvSBm4sX,Stethoscope #8,1,427,Medical Devices,Diagnostic
https://lh3.googleusercontent.com/d/1tOjHFaKpTf9pwIGl_zVngcSqQTAh6CBd,SmartLung Adult,1,428,Medical Devices,Diagnostic
https://lh3.googleusercontent.com/d/1lAD89bOdUvcBsGIbXeG3T428HabMW3Zv,EasyLung Neonatal,1,429,Medical Devices,Diagnostic
https://lh3.googleusercontent.com/d/1g9J1tCOyfktNTSESOgyxes3ZNL2uG57I,Ambu aScope 4 Broncho - Bronchoscopy Endoscope,1,430,Medical Devices,Airway
https://lh3.googleusercontent.com/d/1-ORKM0fDJV_aHeRi42l46dH05iLUthPe,Stryker Stretcher Large/Wide #1,10,431,Medical Devices,Carts
https://lh3.googleusercontent.com/d/1-ORKM0fDJV_aHeRi42l46dH05iLUthPe,Stryker Stretcher Large/Wide #2,10,431,Medical Devices,Carts
https://lh3.googleusercontent.com/d/1fscGlYqMfjZ6T71GyBMV99Ke9H9Rb5KH,Ancef,1,501,Simulated Equipment,Mock Medicine
https://lh3.googleusercontent.com/d/1fscGlYqMfjZ6T71GyBMV99Ke9H9Rb5KH,Atropine,1,501,Simulated Equipment,Mock Medicine
https://lh3.googleusercontent.com/d/1Iy6mwGuk0ivrLdJdXPB88F3-cPi4Ornj,Mini AED Trainer #1,1,502,Simulated Equipment,Circulation
https://lh3.googleusercontent.com/d/1wTyLTVdtgH-2yKSI8LreTofa8NzahtpA,ABC Box #1,2,503,Simulated Equipment,Breathing
https://lh3.googleusercontent.com/d/1wTyLTVdtgH-2yKSI8LreTofa8NzahtpA,ABC Box #2,2,503,Simulated Equipment,Breathing
https://lh3.googleusercontent.com/d/1bip63i99iyptNyNSaI-ybL7-JF_o0q0Y,Blue Medicine Cart - Armstrong Medical Cart,2,504,Simulated Equipment,Carts
https://lh3.googleusercontent.com/d/1RleskjGQtKztzvjM53VUP6thSrwz_hBS,Jabra 750 speaker JA01,1,601,Technology,Electronics
https://lh3.googleusercontent.com/d/1RleskjGQtKztzvjM53VUP6thSrwz_hBS,Jabra 750 speaker JA02,1,601,Technology,Electronics
https://lh3.googleusercontent.com/d/1RleskjGQtKztzvjM53VUP6thSrwz_hBS,Jabra 750 speaker JA03,1,601,Technology,Electronics
https://lh3.googleusercontent.com/d/1RleskjGQtKztzvjM53VUP6thSrwz_hBS,Jabra 750 speaker JA04,1,601,Technology,Electronics
https://lh3.googleusercontent.com/d/1RleskjGQtKztzvjM53VUP6thSrwz_hBS,Jabra 750 speaker JA05,1,601,Technology,Electronics
https://lh3.googleusercontent.com/d/1RleskjGQtKztzvjM53VUP6thSrwz_hBS,Jabra 750 speaker JA06,1,601,Technology,Electronics
https://lh3.googleusercontent.com/d/1RleskjGQtKztzvjM53VUP6thSrwz_hBS,Jabra 750 speaker JA07,1,601,Technology,Electronics
https://lh3.googleusercontent.com/d/1KtT7JBeyY0Rp3zcHgea52NygiNa8oNcg,Jabra Panacast 180 #1,1,602,Technology,Electronics
https://lh3.googleusercontent.com/d/1KtT7JBeyY0Rp3zcHgea52NygiNa8oNcg,Jabra Panacast 180 #2,1,602,Technology,Electronics
https://lh3.googleusercontent.com/d/1KtT7JBeyY0Rp3zcHgea52NygiNa8oNcg,Jabra Panacast 180 #3,1,602,Technology,Electronics
https://lh3.googleusercontent.com/d/1qew6AdmVc_9VQeiXuwWSzRLoGR2cNTy4,Jabra Speaker 510 JA01,1,603,Technology,Electronics
https://lh3.googleusercontent.com/d/1qew6AdmVc_9VQeiXuwWSzRLoGR2cNTy4,Jabra Speaker 510 JA02,1,603,Technology,Electronics
https://lh3.googleusercontent.com/d/10glwZ5cuPrFa8W8VjmQv4A1QOGJfLQnm,iPad 9 #1,1,604,Technology,Electronics
https://lh3.googleusercontent.com/d/10glwZ5cuPrFa8W8VjmQv4A1QOGJfLQnm,iPad 9 #2,1,604,Technology,Electronics
https://lh3.googleusercontent.com/d/10glwZ5cuPrFa8W8VjmQv4A1QOGJfLQnm,iPad 9 #3,1,604,Technology,Electronics
https://lh3.googleusercontent.com/d/1-LTnJVNnjxLiT2kSXlhZb7lOCP15MW-X,iPad mini #1,1,605,Technology,Electronics
https://lh3.googleusercontent.com/d/1-LTnJVNnjxLiT2kSXlhZb7lOCP15MW-X,iPad mini #2,1,605,Technology,Electronics
https://lh3.googleusercontent.com/d/1-LTnJVNnjxLiT2kSXlhZb7lOCP15MW-X,iPad mini #3,1,605,Technology,Electronics
https://lh3.googleusercontent.com/d/1-LTnJVNnjxLiT2kSXlhZb7lOCP15MW-X,iPad mini #4,1,605,Technology,Electronics
https://lh3.googleusercontent.com/d/1-LTnJVNnjxLiT2kSXlhZb7lOCP15MW-X,iPad mini #5,1,605,Technology,Electronics
https://lh3.googleusercontent.com/d/1-LTnJVNnjxLiT2kSXlhZb7lOCP15MW-X,iPad mini #6,1,605,Technology,Electronics
https://lh3.googleusercontent.com/d/1-LTnJVNnjxLiT2kSXlhZb7lOCP15MW-X,iPad mini #7,1,605,Technology,Electronics
https://lh3.googleusercontent.com/d/1-LTnJVNnjxLiT2kSXlhZb7lOCP15MW-X,iPad mini #8,1,605,Technology,Electronics
https://lh3.googleusercontent.com/d/1-LTnJVNnjxLiT2kSXlhZb7lOCP15MW-X,iPad mini #9,1,605,Technology,Electronics
https://lh3.googleusercontent.com/d/1-LTnJVNnjxLiT2kSXlhZb7lOCP15MW-X,iPad mini #10,1,605,Technology,Electronics
https://lh3.googleusercontent.com/d/1-LTnJVNnjxLiT2kSXlhZb7lOCP15MW-X,iPad mini #11,1,605,Technology,Electronics
https://lh3.googleusercontent.com/d/1N__oFLHnq2p38LA5AfdIEG_hedG19Dt4,Surface pro 7 ,1,607,Technology,Electronics
https://lh3.googleusercontent.com/d/1J32N-KJPySw2x6Aii6U67OanqEB096Cl,Surface Pro 9,1,608,Technology,Electronics
https://lh3.googleusercontent.com/d/1hBS5OzaAFfRuc3djjlJR-izKLYZ5BnrR,BenQ HT2050A 1080P Home Theater Projector #1,1,609,Technology,Electronics
https://lh3.googleusercontent.com/d/1nGBx_xoB4cccF5ysw4ln6j4qlDCDrqHn,Fujitsu Tablet PC,1,610,Technology,Electronics
https://lh3.googleusercontent.com/d/1_bJvDhvm-G0Q93GaPae7jCxGnEFT5-oL,Smallrig Clamp A,1,611,Technology,Mounts
https://lh3.googleusercontent.com/d/1_bJvDhvm-G0Q93GaPae7jCxGnEFT5-oL,Smallrig Clamp B,1,611,Technology,Mounts
https://lh3.googleusercontent.com/d/1_bJvDhvm-G0Q93GaPae7jCxGnEFT5-oL,Smallrig Clamp C,1,611,Technology,Mounts
https://lh3.googleusercontent.com/d/1_bJvDhvm-G0Q93GaPae7jCxGnEFT5-oL,Smallrig Clamp D,1,611,Technology,Mounts
https://lh3.googleusercontent.com/d/1_bJvDhvm-G0Q93GaPae7jCxGnEFT5-oL,Smallrig Clamp E,1,611,Technology,Mounts
https://lh3.googleusercontent.com/d/1_bJvDhvm-G0Q93GaPae7jCxGnEFT5-oL,Smallrig Clamp F,1,611,Technology,Mounts
https://lh3.googleusercontent.com/d/1_bJvDhvm-G0Q93GaPae7jCxGnEFT5-oL,Smallrig Clamp G,1,611,Technology,Mounts
https://lh3.googleusercontent.com/d/1_bJvDhvm-G0Q93GaPae7jCxGnEFT5-oL,Smallrig Clamp H,1,611,Technology,Mounts
https://lh3.googleusercontent.com/d/1HyrYcBeLLC8KgpwwdkdLVRxp85c5PnWX,Smallrig Articulating Arm #2,1,612,Technology,Mounts
https://lh3.googleusercontent.com/d/1HyrYcBeLLC8KgpwwdkdLVRxp85c5PnWX,Smallrig Articulating Arm #1,1,612,Technology,Mounts
https://lh3.googleusercontent.com/d/1HyrYcBeLLC8KgpwwdkdLVRxp85c5PnWX,Smallrig Articulating Arm #3,1,612,Technology,Mounts
https://lh3.googleusercontent.com/d/1HyrYcBeLLC8KgpwwdkdLVRxp85c5PnWX,Smallrig Articulating Arm #4,1,612,Technology,Mounts
https://lh3.googleusercontent.com/d/1HyrYcBeLLC8KgpwwdkdLVRxp85c5PnWX,Smallrig Articulating Arm #5,1,612,Technology,Mounts
https://lh3.googleusercontent.com/d/1HyrYcBeLLC8KgpwwdkdLVRxp85c5PnWX,Smallrig Articulating Arm #6,1,612,Technology,Mounts
https://lh3.googleusercontent.com/d/1HyrYcBeLLC8KgpwwdkdLVRxp85c5PnWX,Smallrig Articulating Arm #7,1,612,Technology,Mounts
https://lh3.googleusercontent.com/d/1HyrYcBeLLC8KgpwwdkdLVRxp85c5PnWX,Smallrig Articulating Arm #8,1,612,Technology,Mounts
https://lh3.googleusercontent.com/d/1iIM2nbQCmtOQDj6LCMyWcYNgy4bOjc9O,Power Bank #1 Backup Battery Charmast 10400mAh,1,613,Technology,Electronics
https://lh3.googleusercontent.com/d/1iIM2nbQCmtOQDj6LCMyWcYNgy4bOjc9O,Power Bank #2 Backup Battery Charmast 10400mAh,1,613,Technology,Electronics
https://lh3.googleusercontent.com/d/1CeEBSe6SYNa05NFhqWf4qUuHpbzkc9uP,SimPad Plus #1,1,614,Technology,Electronics
https://lh3.googleusercontent.com/d/1CeEBSe6SYNa05NFhqWf4qUuHpbzkc9uP,SimPad Plus #2,1,614,Technology,Electronics
https://lh3.googleusercontent.com/d/1Ya60_Od3ugqqFgNqu8_afGNaEMxCIjWf,Zoom H6 Handy Recorder,1,615,Technology,Electronics
https://lh3.googleusercontent.com/d/1SnlTF1Sb0IcuUlzseioSFx2jFVmpuNBs,Power Extension Cord 10FT #1,1,616,Technology,Electronics
https://lh3.googleusercontent.com/d/1SnlTF1Sb0IcuUlzseioSFx2jFVmpuNBs,Power Extension Cord 10FT #2,1,616,Technology,Electronics
https://lh3.googleusercontent.com/d/1SnlTF1Sb0IcuUlzseioSFx2jFVmpuNBs,Power Extension Cord 10FT #3,1,616,Technology,Electronics
https://lh3.googleusercontent.com/d/1SnlTF1Sb0IcuUlzseioSFx2jFVmpuNBs,Power Extension Cord 10FT #4,1,616,Technology,Electronics
https://lh3.googleusercontent.com/d/1SnlTF1Sb0IcuUlzseioSFx2jFVmpuNBs,Power Extension Cord 10FT #5,1,616,Technology,Electronics
https://lh3.googleusercontent.com/d/1SnlTF1Sb0IcuUlzseioSFx2jFVmpuNBs,Power Extension Cord 10FT #6,1,616,Technology,Electronics
https://lh3.googleusercontent.com/d/1VqIFj9Q9xhyUicLBJOt7fPgX9f9gW2l6,Power Bar Surge Protector 30W #1,1,617,Technology,Electronics
https://lh3.googleusercontent.com/d/1VqIFj9Q9xhyUicLBJOt7fPgX9f9gW2l6,Power Bar Surge Protector 30W #2,1,617,Technology,Electronics
https://lh3.googleusercontent.com/d/1VqIFj9Q9xhyUicLBJOt7fPgX9f9gW2l6,Power Bar Surge Protector 30W #3,1,617,Technology,Electronics
https://lh3.googleusercontent.com/d/1VqIFj9Q9xhyUicLBJOt7fPgX9f9gW2l6,Power Bar Surge Protector 30W #4,1,617,Technology,Electronics
https://lh3.googleusercontent.com/d/1nqFFff7f1nmD58HiiNw75S1bP906cOql,Insta 360 One R,1,618,Technology,Electronics
https://lh3.googleusercontent.com/d/14j71IXBH35O5EgwMoM4V-BYVrp99GGwD,Dell Laptop #1,1,619,Technology,Electronics
https://lh3.googleusercontent.com/d/14j71IXBH35O5EgwMoM4V-BYVrp99GGwD,Dell Laptop #2,1,619,Technology,Electronics
https://lh3.googleusercontent.com/d/1wBHptKFMiZ8927u2KDvaGnk0AHa2VR5V,Brady Labeler #1,1,620,Technology,Electronics
https://lh3.googleusercontent.com/d/12prBQq-jCkw9b7xO06FGzHQXp5W6OGAD,Brother Labeler #1,1,621,Technology,Electronics
https://lh3.googleusercontent.com/d/1n6KRKO60IsqM-BX20A0p7D1086EwvaCx,Bedside Table #1,1,700,Furniture,Tables
https://lh3.googleusercontent.com/d/1n6KRKO60IsqM-BX20A0p7D1086EwvaCx,Bedside Table #2,1,700,Furniture,Tables
https://lh3.googleusercontent.com/d/1n6KRKO60IsqM-BX20A0p7D1086EwvaCx,Bedside Table #3,1,700,Furniture,Tables
https://lh3.googleusercontent.com/d/1n6KRKO60IsqM-BX20A0p7D1086EwvaCx,Bedside Table #1,1,700,Furniture,Tables
https://lh3.googleusercontent.com/d/1n6KRKO60IsqM-BX20A0p7D1086EwvaCx,Bedside Table #4,1,700,Furniture,Tables
https://lh3.googleusercontent.com/d/1n6KRKO60IsqM-BX20A0p7D1086EwvaCx,Bedside Table #5,1,700,Furniture,Tables
https://lh3.googleusercontent.com/d/1n6KRKO60IsqM-BX20A0p7D1086EwvaCx,Bedside Table #6,1,700,Furniture,Tables
https://lh3.googleusercontent.com/d/1n6KRKO60IsqM-BX20A0p7D1086EwvaCx,Bedside Table #7,1,700,Furniture,Tables
https://lh3.googleusercontent.com/d/1n6KRKO60IsqM-BX20A0p7D1086EwvaCx,Bedside Table #8,1,700,Furniture,Tables
https://lh3.googleusercontent.com/d/1mJVoujspUxQ52w4vjFMnHC_RfrOWusIo,PALS Documents Bin,1,701,Course Materials,Documents
https://lh3.googleusercontent.com/d/1XOw25akT8NNg1qjypaqg8p9cKUjhgf1u,PALS Video,1,702,Course Materials,Video Files
https://lh3.googleusercontent.com/d/1ntnoi4wrHXj1igdp8BfQxmDDRp5N3VGs,Name Tags - Stick On,10,703,Course Materials,Stationary
https://lh3.googleusercontent.com/d/1sfk4itNsBo4met4AzK2dPEcT3oSEwqdw,Chair #1,99,703,Furniture,Seating
https://lh3.googleusercontent.com/d/1sfk4itNsBo4met4AzK2dPEcT3oSEwqdw,Chair #2,1,703,Furniture,Seating
https://lh3.googleusercontent.com/d/1JSfDqC0HcCztIXPvYUv4BE8TGrEhw7b5,Clipboard #1,1,704,Course Materials,Stationary
https://lh3.googleusercontent.com/d/1nbfGZlF_DRMmhPW-m2WhWnyo4_GbEUrR,Desk Table #1,29,704,Furniture,Tables
https://lh3.googleusercontent.com/d/1JSfDqC0HcCztIXPvYUv4BE8TGrEhw7b5,Clipboard #2,1,704,Course Materials,Stationary
https://lh3.googleusercontent.com/d/1JSfDqC0HcCztIXPvYUv4BE8TGrEhw7b5,Clipboard #3,1,704,Course Materials,Stationary
https://lh3.googleusercontent.com/d/1JSfDqC0HcCztIXPvYUv4BE8TGrEhw7b5,Clipboard #4,1,704,Course Materials,Stationary
https://lh3.googleusercontent.com/d/1JSfDqC0HcCztIXPvYUv4BE8TGrEhw7b5,Clipboard #5,1,704,Course Materials,Stationary
https://lh3.googleusercontent.com/d/1Jv5emLBh27rWM21Mh3FR_hXJXXXCgn4-,Dry Erase Board with Easel,1,706,Course Materials,Stationary
https://lh3.googleusercontent.com/d/10xZAlqZJt9AAtV_JxZsYfP6mBszp72hh,CW Sim Sign #1,1,707,Course Materials,Stationary
https://lh3.googleusercontent.com/d/1A27YTGvIQBc9Y9K3kA8hwqZQhpxxQnA_,Flip Chart Paper,1,708,Course Materials,Stationary
https://lh3.googleusercontent.com/d/1Yql628tDmbPBSaLRRu-M1gRldxxjRoe3,Mock Crash Cart #1,1,807,Simulated Equipment,Carts
https://lh3.googleusercontent.com/d/1wbW_VrmOhdxYtRczTVL5WhMUw8jrvRJ6,Red Drug Bag #1,1,808,Simulated Equipment,Mock Medicine
https://lh3.googleusercontent.com/d/1wbW_VrmOhdxYtRczTVL5WhMUw8jrvRJ6,Red Drug Bag #2,4,808,Simulated Equipment,Mock Medicine
https://lh3.googleusercontent.com/d/1wbW_VrmOhdxYtRczTVL5WhMUw8jrvRJ6,Red Drug Bag #3,4,808,Simulated Equipment,Mock Medicine
https://lh3.googleusercontent.com/d/1wbW_VrmOhdxYtRczTVL5WhMUw8jrvRJ6,Red Drug Bag #4,4,808,Simulated Equipment,Mock Medicine
https://lh3.googleusercontent.com/d/1qUzVLUzz7NOGuD4rnks-JacJx5OaGM1V,Sim Monitor iPad Set of 2 #1,1,809,Simulated Equipment,App
https://lh3.googleusercontent.com/d/1qUzVLUzz7NOGuD4rnks-JacJx5OaGM1V,Sim Monitor iPad Set of 2 #2,1,809,Simulated Equipment,App
https://lh3.googleusercontent.com/d/1qUzVLUzz7NOGuD4rnks-JacJx5OaGM1V,Sim Monitor iPad Set of 2 #3,1,809,Simulated Equipment,App
https://lh3.googleusercontent.com/d/1qUzVLUzz7NOGuD4rnks-JacJx5OaGM1V,Sim Monitor iPad Set of 2 #4,1,809,Simulated Equipment,App
https://lh3.googleusercontent.com/d/164cXdUwMLdxyLtfK8Ykz4af96v3Vl25k,Sim Ultrasound iPad Set #1,1,810,Simulated Equipment,App
https://lh3.googleusercontent.com/d/164cXdUwMLdxyLtfK8Ykz4af96v3Vl25k,Sim Ultrasound iPad Set #2,1,810,Simulated Equipment,App
https://lh3.googleusercontent.com/d/1_G4JeZDpTtK5_k4J-Hww8Qnc8P_EtohA,STGC-01,1,811,Technology,Carts
https://lh3.googleusercontent.com/d/1_G4JeZDpTtK5_k4J-Hww8Qnc8P_EtohA,STGC-02,1,811,Technology,Carts
https://lh3.googleusercontent.com/d/1_G4JeZDpTtK5_k4J-Hww8Qnc8P_EtohA,STGC-03,1,811,Technology,Carts
https://lh3.googleusercontent.com/d/1_G4JeZDpTtK5_k4J-Hww8Qnc8P_EtohA,STGC-04,1,811,Technology,Carts
https://lh3.googleusercontent.com/d/1rn4XQqSdfA0PjS_MfkNQmwE1whbPXkK5,ResusMonitor,1,812,Simulated Equipment,App
https://lh3.googleusercontent.com/d/1rn4XQqSdfA0PjS_MfkNQmwE1whbPXkK5,ResusMonitor #2,1,812,Simulated Equipment,App
https://lh3.googleusercontent.com/d/1rn4XQqSdfA0PjS_MfkNQmwE1whbPXkK5,ResusMonitor #3,1,812,Simulated Equipment,App
https://lh3.googleusercontent.com/d/1rn4XQqSdfA0PjS_MfkNQmwE1whbPXkK5,ResusMonitor #4,1,812,Simulated Equipment,App
https://lh3.googleusercontent.com/d/1rn4XQqSdfA0PjS_MfkNQmwE1whbPXkK5,ResusMonitor #5,1,812,Simulated Equipment,App
https://lh3.googleusercontent.com/d/16Ls7uX9jNuTluKaYOYc3E721uiLjLrhQ,Simulated Ice Bag #1,1,813,Simulated Equipment,Prop
https://lh3.googleusercontent.com/d/16Ls7uX9jNuTluKaYOYc3E721uiLjLrhQ,Simulated Ice Bag #2,1,813,Simulated Equipment,Prop
https://lh3.googleusercontent.com/d/1kZ9_fmLLn2rK3WBwKxBd22hXR4INNEdO,Simulated Glucometer #1,1,814,Simulated Equipment,App
https://lh3.googleusercontent.com/d/1jiEDK1zwE70y3PEa6F5WxSMmv857mqpL,Recording,1,9001,Services,Video
https://lh3.googleusercontent.com/d/1rdH49G0clX45vODw7ak1QxbBHMtI3eHG,Live Streaming,1,9002,Services,Video
https://lh3.googleusercontent.com/d/1ZtcZqMXynbdfhDcp8Oroj7PP_BmawTPn,Zoom Meeting,1,9003,Services,Video
https://lh3.googleusercontent.com/d/135De3BPobrkXeqmnQndik9o7HqP4DcZW,FaceTime,1,9004,Services,Video
https://lh3.googleusercontent.com/d/1uzkjvz90_jVtP7bHQgmB5gvlgQWIAeap,Teams Meeting,1,9005,Services,Video
https://lh3.googleusercontent.com/d/15MsvZIUpxYG1gTkNFbKWMkxV9CJ_PqhJ,DC,1,901,Human Resources,Sim Educators
https://lh3.googleusercontent.com/d/15MsvZIUpxYG1gTkNFbKWMkxV9CJ_PqhJ,PM,1,901,Human Resources,Sim Educators
https://lh3.googleusercontent.com/d/15MsvZIUpxYG1gTkNFbKWMkxV9CJ_PqhJ,SB,1,901,Human Resources,Sim Educators
https://lh3.googleusercontent.com/d/15MsvZIUpxYG1gTkNFbKWMkxV9CJ_PqhJ,Intern A,1,901,Human Resources,Sim Educators
https://lh3.googleusercontent.com/d/1qmRg00rGn77Fv51LY_ChZqSz4FjGicW2,JS,1,902,Human Resources,Sim Technologists
https://lh3.googleusercontent.com/d/1qmRg00rGn77Fv51LY_ChZqSz4FjGicW2,SS,1,902,Human Resources,Sim Technologists
https://lh3.googleusercontent.com/d/1qmRg00rGn77Fv51LY_ChZqSz4FjGicW2,HE,1,902,Human Resources,Sim Technologists
https://lh3.googleusercontent.com/d/1qmRg00rGn77Fv51LY_ChZqSz4FjGicW2,TC,1,902,Human Resources,Sim Technologists
https://lh3.googleusercontent.com/d/1qmRg00rGn77Fv51LY_ChZqSz4FjGicW2,SD,1,902,Human Resources,Sim Technologists
https://lh3.googleusercontent.com/d/1hVJXLFp0anOrTsMM0JuTrE3Pr4vZBt2t,Hematoma,1,99001,Moulage,Trauma
https://lh3.googleusercontent.com/d/1hVJXLFp0anOrTsMM0JuTrE3Pr4vZBt2t,Laceration,1,99002,Moulage,Trauma
https://lh3.googleusercontent.com/d/1hVJXLFp0anOrTsMM0JuTrE3Pr4vZBt2t,Bleed,1,99003,Moulage,Trauma
https://lh3.googleusercontent.com/d/1hVJXLFp0anOrTsMM0JuTrE3Pr4vZBt2t,SwollenLips,1,99004,Moulage,Rash
https://lh3.googleusercontent.com/d/1hVJXLFp0anOrTsMM0JuTrE3Pr4vZBt2t,Bruises,1,99005,Moulage,Trauma
https://lh3.googleusercontent.com/d/1hVJXLFp0anOrTsMM0JuTrE3Pr4vZBt2t,Caterpillar,1,99006,Moulage,FBAO
https://lh3.googleusercontent.com/d/1hVJXLFp0anOrTsMM0JuTrE3Pr4vZBt2t,TireMarks,1,99007,Moulage,Trauma
https://lh3.googleusercontent.com/d/1hVJXLFp0anOrTsMM0JuTrE3Pr4vZBt2t,Dogbite,1,99008,Moulage,Trauma
https://lh3.googleusercontent.com/d/1hVJXLFp0anOrTsMM0JuTrE3Pr4vZBt2t,Stab,1,99009,Moulage,Trauma
https://lh3.googleusercontent.com/d/1hVJXLFp0anOrTsMM0JuTrE3Pr4vZBt2t,Broken Ribs,1,99010,Moulage,Trauma
https://lh3.googleusercontent.com/d/1hVJXLFp0anOrTsMM0JuTrE3Pr4vZBt2t,Urticia,1,99011,Moulage,Rash
https://lh3.googleusercontent.com/d/1hVJXLFp0anOrTsMM0JuTrE3Pr4vZBt2t,Seatbelt,1,99012,Moulage,Trauma
https://lh3.googleusercontent.com/d/1hVJXLFp0anOrTsMM0JuTrE3Pr4vZBt2t,Ruptured Abdomen,1,99013,Moulage,Trauma
https://lh3.googleusercontent.com/d/1hVJXLFp0anOrTsMM0JuTrE3Pr4vZBt2t,Abrasions,1,99014,Moulage,Trauma
https://lh3.googleusercontent.com/d/1hVJXLFp0anOrTsMM0JuTrE3Pr4vZBt2t,Amputation,1,99015,Moulage,Trauma
https://lh3.googleusercontent.com/d/1hVJXLFp0anOrTsMM0JuTrE3Pr4vZBt2t,DeGloving,1,99016,Moulage,Trauma
https://lh3.googleusercontent.com/d/1hVJXLFp0anOrTsMM0JuTrE3Pr4vZBt2t,Dislocation,1,99017,Moulage,Trauma
https://lh3.googleusercontent.com/d/1hVJXLFp0anOrTsMM0JuTrE3Pr4vZBt2t,Open Fracture,1,99018,Moulage,Trauma
https://lh3.googleusercontent.com/d/1hVJXLFp0anOrTsMM0JuTrE3Pr4vZBt2t,Knee Injury,1,99019,Moulage,Trauma
https://lh3.googleusercontent.com/d/1hVJXLFp0anOrTsMM0JuTrE3Pr4vZBt2t,First Degree Burn,1,99020,Moulage,Burn
https://lh3.googleusercontent.com/d/1hVJXLFp0anOrTsMM0JuTrE3Pr4vZBt2t,Second Degree Burn,1,99021,Moulage,Burn
https://lh3.googleusercontent.com/d/1hVJXLFp0anOrTsMM0JuTrE3Pr4vZBt2t,Third Degree Burn,1,99022,Moulage,Burn
https://lh3.googleusercontent.com/d/1e47HpSWZrS3Z85vNWNJecqvyEqNRF9rg,E111,1,E111,Rooms,Clinical Skill Rooms
https://lh3.googleusercontent.com/d/1-wmE9F_wMEiab3kJxtIIZAWtMes-x1lt,E604,1,E604,Rooms,Clinical Skill Rooms
https://lh3.googleusercontent.com/d/1AWtFKNZwZqXVvFe6UA9nkE66mpGKNMK-,E604A,1,E604A,Rooms,Clinical Skill Rooms
https://lh3.googleusercontent.com/d/1PBm6kS5KhFT4gO96tyA5jA153xivCUkF,E605,1,E605,Rooms,Classrooms
https://lh3.googleusercontent.com/d/1KHfnO7jauf_qOg9nOa290FkkZdNvhsLk,E606,1,E606,Rooms,Clinical Skill Rooms
https://lh3.googleusercontent.com/d/1cuNDLb9oCWd59YdimNevtjuCdL5RNrXy,E607,1,E607,Rooms,Clinical Skill Rooms
https://lh3.googleusercontent.com/d/1hT_3xZ02Z-t5nMt9ovqyhbLTNvSr-dwI,E608,1,E608,Rooms,Clinical Skill Rooms
https://lh3.googleusercontent.com/d/188B-d72nk9Qqh0dRI4qTIDsL8VriLtBe,E609,1,E609,Rooms,Clinical Skill Rooms
https://lh3.googleusercontent.com/d/19B_vW8ygI68MFw-G_wytpFMuSQ-5qIv-,CPR Skills Room E610,1,E610,Rooms,Clinical Skill Rooms
https://lh3.googleusercontent.com/d/1JCNU1nVu7xtqF1RJ296Bv_1_YMSK6Zmo,Storage 4 E611,1,E611,Rooms,Clinical Skill Rooms
https://lh3.googleusercontent.com/d/1naAam_wGOSwUDLKavNjZKQaxvz9O9Sp8,Storage 1 E612,1,E612,Rooms,Clinical Skill Rooms
https://lh3.googleusercontent.com/d/1InhgtIRu6-pv0-tCMRBbqYoKT8KSXxNH,Storage 2 E614,1,E614,Rooms,Clinical Skill Rooms
https://lh3.googleusercontent.com/d/1xmKppyfpSESekHKtAYb1Sqb9SNBQ4m5a,Sim Admin Office E615,1,E615,Rooms,Clinical Skill Rooms
https://lh3.googleusercontent.com/d/1hwGW4FyeD_1IjDlTXKdTmLmjdIz-VZ22,Debrief Room A E616,1,E616,Rooms,Debrief Rooms
https://lh3.googleusercontent.com/d/1s82vnJ6y1XukGGLIyFfLcUhmD0BMN4FM,Sim Room 1 E617,1,E617,Rooms,Simulation Rooms
https://lh3.googleusercontent.com/d/1tb9f-38SH96HcAMgZB62b4cV7aBDdyO4,Debrief Room B E618,1,E618,Rooms,Debrief Rooms
https://lh3.googleusercontent.com/d/1OJ9tY_kjs8RDHBoYlbz5xfLM7zedldgG,Sim Room 2 E619,1,E619,Rooms,Simulation Rooms
https://lh3.googleusercontent.com/d/116vgZF8bMqPAYpf66yAMnqGnMYCFKlGi,Storage 3 E620,1,E620,Rooms,Clinical Skill Rooms
https://lh3.googleusercontent.com/d/1tGsmxh2CVDCdJBEernG3U2LVNiW3Td0M,Sim Room 3 E621,1,E621,Rooms,Simulation Rooms
https://lh3.googleusercontent.com/d/1_xfrZAWwOZ5Em2SDbpBvmiJ9HvJcI0i_,Control Room E623,1,E623,Rooms,Control Room
https://lh3.googleusercontent.com/d/1TiYdZ-nkJE1c5ztzxD-eQqKX0e6Pm38c,Sim Room 4 E625,1,E625,Rooms,Simulation Rooms
https://lh3.googleusercontent.com/d/1lBm1Ask34EB2MNcJDJiGF4YHk0ZAYFsQ,Debrief Room C E626,1,E626,Rooms,Classrooms
https://lh3.googleusercontent.com/d/1e92a_iiZdDkCeKHUAdj7L3_Z5MFwvu1_,Debrief Room D E627,1,E627,Rooms,Debrief Rooms
